old_path,new_path
.App.tsx,src/App.tsx
src/AdjustingTabBar.tsx,src/components/AdjustingTabBar.tsx
src/App.tsx,src/App.tsx
src/AppNavigationContainer.tsx,src/components/AppNavigationContainer.tsx
src/AsyncStorageUtils.tsx,src/components/AsyncStorageUtils.tsx
src/BLEService.tsx,src/services/BLEService.tsx
src/BluetoothDevicesView.android.tsx,src/screens/BluetoothDevicesView.android.tsx
src/BluetoothDevicesView.tsx,src/screens/BluetoothDevicesView.tsx
src/BluetoothDevicesView.web.tsx,src/screens/BluetoothDevicesView.web.tsx
src/BluetoothSettingsScreen.tsx,src/screens/BluetoothSettingsScreen.tsx
src/ContextualStyle.tsx,src/styles/ContextualStyle.tsx
src/DocsDesignPage.tsx,src/screens/DocsDesignPage.tsx
src/FieldPlaceholder.tsx,src/components/fields/FieldPlaceholder.tsx
src/FieldRow.tsx,src/components/fields/FieldRow.tsx
src/FieldStyles.tsx,src/components/fields/FieldStyles.tsx
src/IoSetupScreen.tsx,src/screens/IoSetupScreen.tsx
src/LibraryPatchListNoResultsView.tsx,src/screens/LibraryPatchListNoResultsView.tsx
src/LibraryPatchListScreen.tsx,src/screens/LibraryPatchListScreen.tsx
src/MIDINotAvailableView.tsx,src/screens/MIDINotAvailableView.tsx
src/MidiIo.tsx,src/services/MidiIo.tsx
src/PatchAssignsScreen.tsx,src/screens/PatchAssignsScreen.tsx
src/PatchEffectsAmpScreen.tsx,src/screens/PatchEffects/PatchEffectsAmpScreen.tsx
src/PatchEffectsChorusScreen.tsx,src/screens/PatchEffects/PatchEffectsChorusScreen.tsx
src/PatchEffectsDelayScreen.tsx,src/screens/PatchEffects/PatchEffectsDelayScreen.tsx
src/PatchEffectsEQScreen.tsx,src/screens/PatchEffects/PatchEffectsEQScreen.tsx
src/PatchEffectsMFXScreen.tsx,src/screens/PatchEffects/PatchEffectsMFXScreen.tsx
src/PatchEffectsModScreen.tsx,src/screens/PatchEffects/PatchEffectsModScreen.tsx
src/PatchEffectsReverbScreen.tsx,src/screens/PatchEffects/PatchEffectsReverbScreen.tsx
src/PatchEffectsStructureScreen.tsx,src/screens/PatchEffects/PatchEffectsStructureScreen.tsx
src/PatchListView.tsx,src/screens/PatchListView.tsx
src/PatchMainScreen.tsx,src/screens/PatchMainScreen.tsx
src/PatchMasterOtherScreen.tsx,src/screens/PatchMasterOtherScreen.tsx
src/PatchMasterPedalGkCtlScreen.tsx,src/screens/PatchMasterPedalGkCtlScreen.tsx
src/PatchNameHeaderButton.tsx,src/components/PatchNameHeaderButton.tsx
src/PatchSaveAsScreen.tsx,src/screens/PatchSaveAsScreen.tsx
src/PatchSaveHeaderButton.tsx,src/components/PatchSaveHeaderButton.tsx
src/PatchToneModelingScreen.tsx,src/screens/PatchTone/PatchToneModelingScreen.tsx
src/PatchTonePCMScreen.tsx,src/screens/PatchTone/PatchTonePCMScreen.tsx
src/PatchToneNormalScreen.tsx,src/screens/PatchTone/PatchToneNormalScreen.tsx
src/PatchToneScreen.tsx,src/screens/PatchTone/PatchToneScreen.tsx
src/PendingContentPlaceholders.tsx,src/components/PendingContentPlaceholders.tsx
src/Picker.ios.tsx,src/components/Picker/Picker.ios.tsx
src/Picker.tsx,src/components/Picker/Picker.tsx
src/PopoverAwareScrollView.tsx,src/components/PopoverAwareScrollView.tsx
src/Popovers.tsx,src/components/Popovers.tsx
src/RefreshControl.tsx,src/components/RefreshControl.tsx
src/RemoteFieldDynamic.tsx,src/components/remote-fields/RemoteFieldDynamic.tsx
src/RemoteFieldPicker.tsx,src/components/remote-fields/RemoteFieldPicker.tsx
src/RemoteFieldPickerWithCategories.tsx,src/components/remote-fields/RemoteFieldPickerWithCategories.tsx
src/RemoteFieldRow.tsx,src/components/remote-fields/RemoteFieldRow.tsx
src/RemoteFieldSegmentedPicker.tsx,src/components/remote-fields/RemoteFieldSegmentedPicker.tsx
src/RemoteFieldSegmentedSwitch.tsx,src/components/remote-fields/RemoteFieldSegmentedSwitch.tsx
src/RemoteFieldSlider.tsx,src/components/remote-fields/RemoteFieldSlider.tsx
src/RemoteFieldSwitch.tsx,src/components/remote-fields/RemoteFieldSwitch.tsx
src/RemoteFieldSwitchedSection.tsx,src/components/remote-fields/RemoteFieldSwitchedSection.tsx
src/RemoteFieldSystemPicker.tsx,src/components/remote-fields/RemoteFieldSystemPicker.tsx
src/RemoteFieldWaveShapePicker.tsx,src/components/remote-fields/RemoteFieldWaveShapePicker.tsx
src/RolandAddressMap.ts,src/lib/RolandAddressMap.ts
src/RolandDataTransfer.tsx,src/services/RolandDataTransfer.tsx
src/RolandGR55AddressMap.ts,src/lib/roland-gr55/RolandGR55AddressMap.ts
src/RolandGR55AssignsContainer.tsx,src/lib/roland-gr55/RolandGR55AssignsContainer.tsx
src/RolandGR55Commands.tsx,src/lib/roland-gr55/RolandGR55Commands.tsx
src/RolandGR55NotConnectedView.tsx,src/lib/roland-gr55/RolandGR55NotConnectedView.tsx
src/RolandGR55RemotePatchDescriptions.tsx,src/lib/roland-gr55/RolandGR55RemotePatchDescriptions.tsx
src/RolandIoSetup.tsx,src/lib/RolandIoSetup.tsx
src/RolandRemotePageContext.tsx,src/contexts/RolandRemotePageContext.tsx
src/RolandRemotePatchSelection.tsx,src/lib/RolandRemotePatchSelection.tsx
src/RolandSysExProtocol.ts,src/lib/RolandSysExProtocol.ts
src/SafeAreaUtils.tsx,src/utils/SafeAreaUtils.tsx
src/SegmentedPicker.tsx,src/components/SegmentedPicker.tsx
src/Slider.tsx,src/components/Slider.tsx
src/Slider.web.tsx,src/components/Slider.web.tsx
src/Theme.tsx,src/components/Theme.tsx
src/ThemedPicker.tsx,src/components/ThemedPicker.tsx
src/ThemedSearchBar.tsx,src/components/ThemedSearchBar.tsx
src/ThemedText.tsx,src/components/ThemedText.tsx
src/UserOptions.tsx,src/components/UserOptions.tsx
src/useAssignsMap.tsx,src/hooks/useAssignsMap.tsx
src/useLayout.tsx,src/hooks/useLayout.tsx
src/usePatchMap.tsx,src/hooks/usePatchMap.tsx
src/usePrompt.tsx,src/hooks/usePrompt.tsx
src/useRemoteField.tsx,src/hooks/useRemoteField.tsx
src/useRenamePatchPrompt.tsx,src/hooks/useRenamePatchPrompt.tsx
src/useRolandRemotePageState.tsx,src/hooks/useRolandRemotePageState.tsx
src/useRolandRemotePatchState.tsx,src/hooks/useRolandRemotePatchState.tsx
src/useRolandRemoteSystemState.tsx,src/hooks/useRolandRemoteSystemState.tsx
src/useTopTabNavigatorDefaults.tsx,src/hooks/useTopTabNavigatorDefaults.tsx
src/navigation.tsx,src/components/navigation.tsx
